alias,afiliacion
C3,Centro de Ciencias de la Complejidad
C3 UNAM,Centro de Ciencias de la Complejidad
Center for Complexity Sciences,Centro de Ciencias de la Complejidad
Centro de Ciencias de la Complejidad,Centro de Ciencias de la Complejidad
CCG,Centro de Ciencias Genómicas
Centro de Ciencias Genómicas,Centro de Ciencias Genómicas
Centro de Ciencias Genomicas,Centro de Ciencias Genómicas
"Centro de Ciencias Genómicas, Cuernavaca",Centro de Ciencias Genómicas Cuernavaca
"Centro de Ciencias Genomicas, Cuernavaca",Centro de Ciencias Genómicas Cuernavaca
Centro de Ciencias Genómicas Cuernavaca,Centro de Ciencias Genómicas Cuernavaca
Centro de Ciencias Genomicas Cuernavaca,Centro de Ciencias Genómicas Cuernavaca
CCM,Centro de Ciencias Matemáticas
Centro de Ciencias Matemáticas,Centro de Ciencias Matemáticas
Centro de Ciencias Matematicas,Centro de Ciencias Matemáticas
Centro de Estudios de Computación Avanzada,Centro de Estudios en Computación Avanzada
Centro de Estudios de Computacion Avanzada,Centro de Estudios en Computación Avanzada
Centro de Estudios en Computación Avanzada,Centro de Estudios en Computación Avanzada
Centro de Estudios en Computacion Avanzada,Centro de Estudios en Computación Avanzada
Centro de Física Aplicada y Tecnología Avanzada,Centro de Física Aplicada y Tecnología Avanzada
Centro de Fisica Aplicada y Tecnologia Avanzada,Centro de Física Aplicada y Tecnología Avanzada
CFATA,Centro de Física Aplicada y Tecnología Avanzada
"Centro de Física Aplicada y Tecnología Avanzada, Juriquilla",Centro de Física Aplicada y Tecnología Avanzada Juriquilla
"Centro de Fisica Aplicada y Tecnologia Avanzada, Juriquilla",Centro de Física Aplicada y Tecnología Avanzada Juriquilla
Centro de Física Aplicada y Tecnología Avanzada Juriquilla,Centro de Física Aplicada y Tecnología Avanzada Juriquilla
Centro de Fisica Aplicada y Tecnologia Avanzada Juriquilla,Centro de Física Aplicada y Tecnología Avanzada Juriquilla
CFATA Juriquilla,Centro de Física Aplicada y Tecnología Avanzada Juriquilla
Centro de Geociencias,Centro de Geociencias
Centro de Ingeniería Avanzada,Centro de Ingeniería Avanzada
Centro de Ingenieria Avanzada,Centro de Ingeniería Avanzada
Centro de Investigaciones de Diseño Industrial,Centro de Investigaciones de Diseño Industrial
Centro de Investigaciones de Diseno Industrial,Centro de Investigaciones de Diseño Industrial
Centro de Investigaciones en Geografía Ambiental,Centro de Investigaciones en Geografía Ambiental
Centro de Investigaciones en Geografia Ambiental,Centro de Investigaciones en Geografía Ambiental
Centro de Investigaciones Interdisciplinarias en Ciencias y Humanidades,Centro de Investigaciones Interdisciplinarias en Ciencias y Humanidades
Centro de Nanociencias y Nanotecnología,Centro de Nanociencias y Nanotecnología
Centro de Nanociencias y Nanotecnologia,Centro de Nanociencias y Nanotecnología
Centro Regional de Investigaciones Multidisciplinarias,Centro Regional de Investigaciones Multidisciplinarias
CRIM,Centro Regional de Investigaciones Multidisciplinarias
"Centro Regional de Investigaciones Multidisciplinarias, Cuernavaca",Centro Regional de Investigaciones Multidisciplinarias Cuernavaca
Centro Regional de Investigaciones Multidisciplinarias Cuernavaca,Centro Regional de Investigaciones Multidisciplinarias Cuernavaca
CRIM Cuernavaca,Centro Regional de Investigaciones Multidisciplinarias Cuernavaca
Ciencias Biomédicas,Ciencias Biomédicas
Ciencias Biomedicas,Ciencias Biomédicas
Coordinación de Humanidades,Coordinación de Humanidades
Coordinacion de Humanidades,Coordinación de Humanidades
Coordinación de Investigación Científica,Coordinación de Investigación Científica
Coordinacion de Investigacion Cientifica,Coordinación de Investigación Científica
Coordinación de Universidad Abierta,Coordinación de Universidad Abierta Innovación Educativa y Educación a Distancia
Coordinacion de Universidad Abierta,Coordinación de Universidad Abierta Innovación Educativa y Educación a Distancia
"Coordinación de Universidad Abierta, Innovación Educativa y Educación a Distancia",Coordinación de Universidad Abierta Innovación Educativa y Educación a Distancia
"Coordinacion de Universidad Abierta, Innovacion Educativa y Educacion a Distancia",Coordinación de Universidad Abierta Innovación Educativa y Educación a Distancia
Coordinación de Universidad Abierta Innovación Educativa y Educación a Distancia,Coordinación de Universidad Abierta Innovación Educativa y Educación a Distancia
Coordinacion de Universidad Abierta Innovacion Educativa y Educacion a Distancia,Coordinación de Universidad Abierta Innovación Educativa y Educación a Distancia
Dirección de Innovación y Desarrollo Tecnológico,Dirección de Innovación y Desarrollo Tecnológico
Direccion de Innovacion y Desarrollo Tecnologico,Dirección de Innovación y Desarrollo Tecnológico
Dirección General de Bibliotecas,Dirección General de Bibliotecas
Direccion General de Bibliotecas,Dirección General de Bibliotecas
DGTIC,Dirección General de Cómputo y de Tecnologías de Información y Comunicación
Dirección General de Cómputo y de Tecnologías de Información y Comunicación,Dirección General de Cómputo y de Tecnologías de Información y Comunicación
Direccion General de Computo y de Tecnologias de Informacion y Comunicacion,Dirección General de Cómputo y de Tecnologías de Información y Comunicación
Escuela Nacional de Ciencias de la Tierra,Escuela Nacional de Ciencias de la Tierra
Escuela Nacional de Enfermeria,Escuela Nacional de Enfermeria
ENES Juriquilla,Escuela Nacional de Estudios Superiores Unidad Juriquilla
"Escuela Nacional de Estudios Superiores, Unidad Juriquilla",Escuela Nacional de Estudios Superiores Unidad Juriquilla
ENES León,Escuela Nacional de Estudios Superiores Unidad León
ENES Leon,Escuela Nacional de Estudios Superiores Unidad León
"Escuela Nacional de Estudios Superiores, Unidad León",Escuela Nacional de Estudios Superiores Unidad León
"Escuela Nacional de Estudios Superiores, Unidad Leon",Escuela Nacional de Estudios Superiores Unidad León
ENES Mérida,Escuela Nacional de Estudios Superiores Unidad Mérida
ENES Merida,Escuela Nacional de Estudios Superiores Unidad Mérida
"Escuela Nacional de Estudios Superiores, Unidad Mérida",Escuela Nacional de Estudios Superiores Unidad Mérida
"Escuela Nacional de Estudios Superiores, Unidad Merida",Escuela Nacional de Estudios Superiores Unidad Mérida
ENES Morelia,Escuela Nacional de Estudios Superiores Unidad Morelia
"Escuela Nacional de Estudios Superiores, Unidad Morelia",Escuela Nacional de Estudios Superiores Unidad Morelia
Facultad de Arquitectura,Facultad de Arquitectura
Facultad de Artes y Diseño,Facultad de Artes y Diseño
Facultad de Artes y Diseno,Facultad de Artes y Diseño
Facultad de Ciencias,Facultad de Ciencias
"Facultad de Ciencias, Universidad Nacional Autónoma de México",Facultad de Ciencias
"Facultad de Ciencias, Universidad Nacional Autonoma de Mexico",Facultad de Ciencias
Facultad de Ciencias Universidad Nacional Autónoma de México,Facultad de Ciencias
Facultad de Ciencias Universidad Nacional Autonoma de Mexico,Facultad de Ciencias
Faculty of Science,Facultad de Ciencias
Faculty of Sciences,Facultad de Ciencias
FC UNAM,Facultad de Ciencias
Posgrado en Ciencias Biológicas,Facultad de Ciencias
Posgrado en Ciencias Biologicas,Facultad de Ciencias
Facultad de Ciencias Políticas y Sociales,Facultad de Ciencias Políticas y Sociales
Facultad de Ciencias Politicas y Sociales,Facultad de Ciencias Políticas y Sociales
Facultad de Ciencias Politicas Y Sociales,Facultad de Ciencias Políticas y Sociales
Facultad de Ciencias Cuernavaca,Facultad de Ciencias Unidad Cuernavaca
"Facultad de Ciencias, Unidad Cuernavaca",Facultad de Ciencias Unidad Cuernavaca
Facultad de Ciencias Unidad Cuernavaca,Facultad de Ciencias Unidad Cuernavaca
"Facultad de Ciencias, Unidad Yucatán",Facultad de Ciencias Unidad Yucatán
"Facultad de Ciencias, Unidad Yucatan",Facultad de Ciencias Unidad Yucatán
Facultad de Ciencias Unidad Yucatán,Facultad de Ciencias Unidad Yucatán
Facultad de Ciencias Unidad Yucatan,Facultad de Ciencias Unidad Yucatán
Facultad de Contaduría y Administración,Facultad de Contaduría y Administración
Facultad de Contaduria y Administracion,Facultad de Contaduría y Administración
Facultad de Economía,Facultad de Economía
Facultad de Economia,Facultad de Economía
Facultad de Estudios Superiores Acatlán,Facultad de Estudios Superiores Acatlán
Facultad de Estudios Superiores Acatlan,Facultad de Estudios Superiores Acatlán
FES Acatlán,Facultad de Estudios Superiores Acatlán
FES Acatlan,Facultad de Estudios Superiores Acatlán
Facultad de Estudios Superiores Aragón,Facultad de Estudios Superiores Aragón
Facultad de Estudios Superiores Aragon,Facultad de Estudios Superiores Aragón
FES Aragón,Facultad de Estudios Superiores Aragón
FES Aragon,Facultad de Estudios Superiores Aragón
Facultad de Estudios Superiores Cuautitlán,Facultad de Estudios Superiores Cuautitlán
Facultad de Estudios Superiores Cuautitlan,Facultad de Estudios Superiores Cuautitlán
FES Cuautitlán,Facultad de Estudios Superiores Cuautitlán
FES Cuautitlan,Facultad de Estudios Superiores Cuautitlán
Facultad de Estudios Superiores Iztacala,Facultad de Estudios Superiores Iztacala
FES Iztacala,Facultad de Estudios Superiores Iztacala
Facultad de Estudios Superiores Zaragoza,Facultad de Estudios Superiores Zaragoza
FES Zaragoza,Facultad de Estudios Superiores Zaragoza
Facultad de Filosofía y Letras,Facultad de Filosofía y Letras
Facultad de Filosofia y Letras,Facultad de Filosofía y Letras
Facultad de Ingeniería,Facultad de Ingeniería
Facultad de Ingenieria,Facultad de Ingeniería
"Facultad de Ingeniería, Universidad Nacional Autónoma de México",Facultad de Ingeniería
"Facultad de Ingenieria, Universidad Nacional Autonoma de Mexico",Facultad de Ingeniería
Facultad de Ingeniería Universidad Nacional Autónoma de México,Facultad de Ingeniería
Facultad de Ingenieria Universidad Nacional Autonoma de Mexico,Facultad de Ingeniería
Faculty of Engineering,Facultad de Ingeniería
FI UNAM,Facultad de Ingeniería
Posgrado en Ingeniería,Facultad de Ingeniería
Posgrado en Ingenieria,Facultad de Ingeniería
Facultad de Medicina,Facultad de Medicina
Facultad de Medicina Veterinaria y Zootecnia,Facultad de Medicina Veterinaria y Zootecnia
Facultad de Odontología,Facultad de Odontología
Facultad de Odontologia,Facultad de Odontología
Facultad de Psicología,Facultad de Psicología
Facultad de Psicologia,Facultad de Psicología
Facultad de Química,Facultad de Química
Facultad de Quimica,Facultad de Química
"Facultad de Química, Universidad Nacional Autónoma de México",Facultad de Química
"Facultad de Quimica, Universidad Nacional Autonoma de Mexico",Facultad de Química
Facultad de Química Universidad Nacional Autónoma de México,Facultad de Química
Facultad de Quimica Universidad Nacional Autonoma de Mexico,Facultad de Química
Posgrado en Ciencias Bioquímicas,Facultad de Química
Posgrado en Ciencias Bioquimicas,Facultad de Química
Instituto de Astronomía,Instituto de Astronomía
Instituto de Astronomia,Instituto de Astronomía
"Instituto de Astronomía, Ensenada",Instituto de Astronomía Ensenada
"Instituto de Astronomia, Ensenada",Instituto de Astronomía Ensenada
Instituto de Biología,Instituto de Biología
Instituto de Biologia,Instituto de Biología
Instituto de Biotecnología,Instituto de Biotecnología
Instituto de Biotecnologia,Instituto de Biotecnología
IBt Cuernavaca,Instituto de Biotecnología Cuernavaca
"Instituto de Biotecnología, Cuernavaca",Instituto de Biotecnología Cuernavaca
"Instituto de Biotecnologia, Cuernavaca",Instituto de Biotecnología Cuernavaca
Instituto de Biotecnología Cuernavaca,Instituto de Biotecnología Cuernavaca
Instituto de Biotecnologia Cuernavaca,Instituto de Biotecnología Cuernavaca
"Instituto de Biotecnología, Juriquilla",Instituto de Biotecnología Juriquilla
"Instituto de Biotecnologia, Juriquilla",Instituto de Biotecnología Juriquilla
ICAT,Instituto de Ciencias Aplicadas y Tecnología
Institute of Applied Sciences and Technology,Instituto de Ciencias Aplicadas y Tecnología
Instituto de Ciencias Aplicadas y Tecnología,Instituto de Ciencias Aplicadas y Tecnología
Instituto de Ciencias Aplicadas y Tecnologia,Instituto de Ciencias Aplicadas y Tecnología
Instituto de Ciencias de la Atmósfera y Cambio Climático,Instituto de Ciencias de la Atmósfera y Cambio Climático
Instituto de Ciencias de la Atmosfera y Cambio Climatico,Instituto de Ciencias de la Atmósfera y Cambio Climático
Instituto de Ciencias del Mar y Limnología,Instituto de Ciencias del Mar y Limnología
Instituto de Ciencias del Mar y Limnologia,Instituto de Ciencias del Mar y Limnología
Instituto de Ciencias Físicas,Instituto de Ciencias Físicas
Instituto de Ciencias Fisicas,Instituto de Ciencias Físicas
Instituto de Ciencias Nucleares,Instituto de Ciencias Nucleares
Instituto de Ecología,Instituto de Ecología
Instituto de Ecologia,Instituto de Ecología
Instituto de Energías Renovables,Instituto de Energías Renovables
Instituto de Energias Renovables,Instituto de Energías Renovables
Instituto de Física,Instituto de Física
Instituto de Fisica,Instituto de Física
Instituto de Fisiología Celular,Instituto de Fisiología Celular
Instituto de Fisiologia Celular,Instituto de Fisiología Celular
Instituto de Geofísica,Instituto de Geofísica
Instituto de Geofisica,Instituto de Geofísica
"Instituto de Geofísica, Universidad Nacional Autónoma de México",Instituto de Geofísica
"Instituto de Geofisica, Universidad Nacional Autonoma de Mexico",Instituto de Geofísica
Instituto de Geofísica Universidad Nacional Autónoma de México,Instituto de Geofísica
Instituto de Geofisica Universidad Nacional Autonoma de Mexico,Instituto de Geofísica
Posgrado en Ciencias de la Tierra,Instituto de Geofísica
Instituto de Geografía,Instituto de Geografía
Instituto de Geografia,Instituto de Geografía
Instituto de Geología,Instituto de Geología
Instituto de Geologia,Instituto de Geología
II UNAM,Instituto de Ingeniería
Institute of Engineering,Instituto de Ingeniería
Instituto de Ingeniería,Instituto de Ingeniería
Instituto de Ingenieria,Instituto de Ingeniería
Instituto de Investigaciones Antropológicas,Instituto de Investigaciones Antropológicas
Instituto de Investigaciones Antropologicas,Instituto de Investigaciones Antropológicas
Instituto de Investigaciones Bibliotecológicas y de la Información,Instituto de Investigaciones Bibliotecológicas y de la Información
Instituto de Investigaciones Bibliotecologicas y de la Informacion,Instituto de Investigaciones Bibliotecológicas y de la Información
Instituto de Investigaciones Biomédicas,Instituto de Investigaciones Biomédicas
Instituto de Investigaciones Biomedicas,Instituto de Investigaciones Biomédicas
Instituto de Investigaciones Económicas,Instituto de Investigaciones Económicas
Instituto de Investigaciones Economicas,Instituto de Investigaciones Económicas
Instituto de Investigaciones en Ecosistemas y Sustentabilidad,Instituto de Investigaciones en Ecosistemas y Sustentabilidad
IIMAS,Instituto de Investigaciones en Matemáticas Aplicadas y en Sistemas
Institute for Applied Mathematics and Systems Research,Instituto de Investigaciones en Matemáticas Aplicadas y en Sistemas
Instituto de Investigaciones en Matemáticas Aplicadas y en Sistemas,Instituto de Investigaciones en Matemáticas Aplicadas y en Sistemas
Instituto de Investigaciones en Matematicas Aplicadas y en Sistemas,Instituto de Investigaciones en Matemáticas Aplicadas y en Sistemas
"Instituto de Investigaciones en Matemáticas Aplicadas y en Sistemas, Universidad Nacional Autónoma de México",Instituto de Investigaciones en Matemáticas Aplicadas y en Sistemas
"Instituto de Investigaciones en Matematicas Aplicadas y en Sistemas, Universidad Nacional Autonoma de Mexico",Instituto de Investigaciones en Matemáticas Aplicadas y en Sistemas
Instituto de Investigaciones en Matemáticas Aplicadas y en Sistemas Universidad Nacional Autónoma de México,Instituto de Investigaciones en Matemáticas Aplicadas y en Sistemas
Instituto de Investigaciones en Matematicas Aplicadas y en Sistemas Universidad Nacional Autonoma de Mexico,Instituto de Investigaciones en Matemáticas Aplicadas y en Sistemas
Posgrado en Ciencia e Ingeniería de la Computación,Instituto de Investigaciones en Matemáticas Aplicadas y en Sistemas
Posgrado en Ciencia e Ingenieria de la Computacion,Instituto de Investigaciones en Matemáticas Aplicadas y en Sistemas
Posgrado en Ciencia e Ingeniería en Computación,Instituto de Investigaciones en Matemáticas Aplicadas y en Sistemas
Posgrado en Ciencia e Ingenieria en Computacion,Instituto de Investigaciones en Matemáticas Aplicadas y en Sistemas
Unidad Académica del IIMAS,Instituto de Investigaciones en Matemáticas Aplicadas y en Sistemas
Unidad Academica del IIMAS,Instituto de Investigaciones en Matemáticas Aplicadas y en Sistemas
IIMAS Unidad Yucatán,Instituto de Investigaciones en Matemáticas Aplicadas y en Sistemas Unidad Yucatán
IIMAS Unidad Yucatan,Instituto de Investigaciones en Matemáticas Aplicadas y en Sistemas Unidad Yucatán
IIMAS Yucatán,Instituto de Investigaciones en Matemáticas Aplicadas y en Sistemas Unidad Yucatán
IIMAS Yucatan,Instituto de Investigaciones en Matemáticas Aplicadas y en Sistemas Unidad Yucatán
"Instituto de Investigaciones en Matemáticas Aplicadas y en Sistemas, Unidad Yucatán",Instituto de Investigaciones en Matemáticas Aplicadas y en Sistemas Unidad Yucatán
"Instituto de Investigaciones en Matematicas Aplicadas y en Sistemas, Unidad Yucatan",Instituto de Investigaciones en Matemáticas Aplicadas y en Sistemas Unidad Yucatán
Unidad Académica del IIMAS en Yucatán,Instituto de Investigaciones en Matemáticas Aplicadas y en Sistemas Unidad Yucatán
Unidad Academica del IIMAS en Yucatan,Instituto de Investigaciones en Matemáticas Aplicadas y en Sistemas Unidad Yucatán
Instituto de Investigaciones en Materiales,Instituto de Investigaciones en Materiales
Instituto de Investigaciones Filosóficas,Instituto de Investigaciones Filosóficas
Instituto de Investigaciones Filosoficas,Instituto de Investigaciones Filosóficas
Instituto de Investigaciones Históricas,Instituto de Investigaciones Históricas
Instituto de Investigaciones Historicas,Instituto de Investigaciones Históricas
Instituto de Investigaciones Jurídicas,Instituto de Investigaciones Jurídicas
Instituto de Investigaciones Juridicas,Instituto de Investigaciones Jurídicas
Instituto de Investigaciones sobre la Universidad y la Educación,Instituto de Investigaciones sobre la Universidad y la Educación
Instituto de Investigaciones sobre la Universidad y la Educacion,Instituto de Investigaciones sobre la Universidad y la Educación
Instituto de Investigaciones Sociales,Instituto de Investigaciones Sociales
IM UNAM,Instituto de Matemáticas
Institute of Mathematics,Instituto de Matemáticas
Instituto de Matemáticas,Instituto de Matemáticas
Instituto de Matematicas,Instituto de Matemáticas
Instituto de Neurobiología,Instituto de Neurobiología
Instituto de Neurobiologia,Instituto de Neurobiología
INB Juriquilla,Instituto de Neurobiología Unidad Juriquilla
Instituto de Neurobiología Juriquilla,Instituto de Neurobiología Unidad Juriquilla
Instituto de Neurobiologia Juriquilla,Instituto de Neurobiología Unidad Juriquilla
"Instituto de Neurobiología, Unidad Juriquilla",Instituto de Neurobiología Unidad Juriquilla
"Instituto de Neurobiologia, Unidad Juriquilla",Instituto de Neurobiología Unidad Juriquilla
Instituto de Neurobiología Unidad Juriquilla,Instituto de Neurobiología Unidad Juriquilla
Instituto de Neurobiologia Unidad Juriquilla,Instituto de Neurobiología Unidad Juriquilla
Instituto de Química,Instituto de Química
Instituto de Quimica,Instituto de Química
"Instituto de Química, Unidad Mérida",Instituto de Química Unidad Mérida
"Instituto de Quimica, Unidad Merida",Instituto de Química Unidad Mérida
Instituto de Química Unidad Mérida,Instituto de Química Unidad Mérida
Instituto de Quimica Unidad Merida,Instituto de Química Unidad Mérida
Instituto de Radioastronomía y Astrofísica,Instituto de Radioastronomía y Astrofísica
Instituto de Radioastronomia y Astrofisica,Instituto de Radioastronomía y Astrofísica
Unidad de Alta Tecnología,Unidad de Alta Tecnología
Unidad de Alta Tecnologia,Unidad de Alta Tecnología
Unidad de Posgrado,Unidad de Posgrado
Universidad Nacional Autonoma de Mexico,Universidad Nacional Autonoma de Mexico
Universidad Nacional Autónoma de México,Universidad Nacional Autonoma de Mexico
Universidad Nacional Autónoma de México Campus Juriquilla,Universidad Nacional Autonoma de Mexico
Universidad Nacional Autonoma de Mexico Campus Juriquilla,Universidad Nacional Autonoma de Mexico
